{
  "global_f1": 0.5439560439560439,
  "mode_avg_f1": 0.5262630239917917,
  "global_roc_auc": 0.7286113861386139,
  "mode_avg_roc_auc": 0.7176686901777756,
  "f1_improvement": -3.2526561954483864,
  "roc_auc_improvement": -1.5018562939059696
}